time,country,ip_address,day,operating_system,browser
11:19 AM,Venezuela,15.20.150.23,tuesday,Linux,opera
10:35 PM,Poland,56.130.136.34,thursday,iOS,brave
10:11 AM,China,24.155.194.26,friday,Android,opera
5:45 PM,Thailand,37.78.158.153,sunday,Linux,brave
1:08 PM,Poland,170.103.29.218,thursday,Android,brave
4:36 PM,Sweden,230.69.45.18,wednesday,iOS,brave
11:26 AM,Guatemala,234.81.230.33,thursday,Windows,edge
11:31 AM,Japan,129.217.125.203,thursday,Linux,brave
1:35 AM,Cameroon,191.205.127.152,friday,Android,opera
6:56 PM,Russia,94.53.97.205,tuesday,Android,opera
7:45 PM,Zambia,118.255.219.31,saturday,Linux,edge
2:47 PM,Greece,97.79.201.194,thursday,iOS,edge
3:41 PM,Russia,59.70.100.124,tuesday,Android,google
6:26 PM,Ukraine,241.124.14.116,friday,Windows,google
2:05 PM,China,5.12.80.168,saturday,Mac,edge
2:29 PM,Ivory Coast,116.36.113.181,monday,iOS,opera
12:32 PM,Chile,71.108.81.125,tuesday,Windows,google
12:40 PM,China,65.159.111.73,tuesday,Linux,google
11:14 AM,China,150.63.90.47,friday,Mac,brave
3:30 AM,China,13.5.122.28,monday,Windows,brave
3:29 AM,Indonesia,131.34.23.217,saturday,Windows,opera
8:52 AM,United States,241.252.158.20,saturday,Android,opera
5:45 AM,China,209.98.199.207,thursday,Windows,brave
5:26 AM,Japan,58.172.209.252,monday,Linux,edge
2:36 AM,Colombia,87.158.210.8,tuesday,Android,opera
7:11 AM,Libya,175.242.57.4,tuesday,Mac,opera
9:42 AM,Pakistan,162.30.118.132,wednesday,iOS,edge
9:09 PM,China,0.32.113.121,thursday,Windows,brave
7:59 AM,Brazil,8.220.42.128,thursday,iOS,edge
2:33 AM,Indonesia,234.84.157.16,thursday,Android,opera
10:10 AM,China,179.195.199.43,saturday,Mac,opera
1:05 AM,Philippines,155.70.155.161,thursday,Mac,opera
7:41 AM,Philippines,19.199.108.192,thursday,Windows,google
7:02 AM,China,113.55.47.217,tuesday,iOS,opera
7:21 PM,Egypt,84.46.207.85,monday,iOS,edge
5:08 AM,Russia,89.204.140.156,thursday,Android,edge
7:43 PM,China,83.141.135.52,friday,Android,google
5:59 PM,Indonesia,13.58.28.14,monday,Linux,edge
7:02 PM,Libya,42.22.189.37,monday,iOS,google
1:21 AM,China,148.163.30.13,thursday,Mac,brave
5:51 AM,Sweden,11.208.71.12,monday,iOS,google
2:37 AM,China,102.159.88.52,thursday,iOS,edge
6:11 AM,Tanzania,86.115.193.224,wednesday,Android,google
5:08 PM,China,167.198.115.123,monday,Linux,brave
1:11 PM,Indonesia,202.62.20.224,sunday,Windows,edge
9:20 PM,Philippines,90.127.232.157,wednesday,Android,edge
2:31 AM,China,39.97.169.215,tuesday,Mac,brave
9:49 PM,Peru,235.161.13.131,sunday,Mac,edge
1:57 AM,Brazil,3.159.120.190,tuesday,Android,brave
5:06 PM,France,121.136.226.153,friday,iOS,opera
10:45 AM,Indonesia,119.206.120.146,thursday,iOS,google
10:13 PM,China,184.237.248.241,sunday,Mac,google
9:08 PM,Mongolia,130.162.32.128,sunday,Linux,edge
6:41 PM,Vietnam,220.196.140.55,friday,Mac,opera
7:06 AM,Indonesia,99.199.7.214,friday,iOS,edge
5:03 PM,Norway,201.136.28.202,wednesday,Windows,google
8:26 AM,Portugal,59.119.152.14,monday,Windows,opera
4:03 PM,Sri Lanka,65.250.7.120,tuesday,Windows,brave
5:03 PM,Honduras,163.179.108.210,tuesday,Linux,edge
4:40 PM,Hungary,80.81.157.217,sunday,Mac,brave
4:12 PM,Finland,247.106.202.15,friday,Mac,opera
1:02 PM,China,111.183.53.173,sunday,Mac,brave
12:27 AM,Portugal,91.243.106.236,sunday,Android,brave
1:05 PM,Montenegro,116.244.169.63,tuesday,iOS,edge
2:54 PM,United Kingdom,207.115.162.130,friday,Linux,brave
11:40 PM,Sweden,45.207.211.30,wednesday,Linux,brave
9:18 AM,Chile,161.194.37.20,sunday,Windows,opera
6:52 AM,Peru,81.88.21.234,thursday,iOS,brave
4:11 PM,Bolivia,217.31.165.58,monday,Android,edge
11:12 PM,China,44.98.43.73,monday,Android,brave
12:16 AM,China,238.213.103.242,sunday,iOS,opera
11:47 AM,Colombia,64.29.157.81,wednesday,Windows,google
5:27 PM,Albania,63.143.170.32,friday,Windows,brave
11:14 AM,China,46.158.132.249,sunday,Mac,brave
7:11 PM,South Korea,14.169.169.74,saturday,Mac,opera
11:52 PM,Portugal,193.229.77.179,sunday,Android,edge
1:52 PM,Estonia,105.49.185.115,sunday,iOS,edge
2:07 PM,United States,154.88.21.156,monday,Mac,google
5:46 AM,Argentina,243.196.4.240,friday,Mac,edge
10:39 AM,China,236.197.68.126,saturday,iOS,edge
6:34 AM,Poland,104.204.119.137,saturday,Windows,brave
3:44 AM,Vietnam,217.117.219.198,tuesday,iOS,google
4:20 PM,Philippines,55.147.240.45,monday,Windows,opera
10:13 PM,Germany,160.220.147.166,tuesday,Android,google
2:01 PM,Sweden,18.137.87.143,wednesday,Android,edge
11:27 AM,China,228.221.49.57,wednesday,Windows,brave
9:56 PM,Macedonia,52.75.126.113,thursday,Mac,opera
11:49 AM,Russia,180.155.249.51,sunday,Linux,brave
4:11 AM,Brazil,125.230.110.11,sunday,Mac,opera
9:27 AM,Slovenia,32.79.3.5,thursday,Windows,edge
12:39 PM,Russia,161.55.58.25,sunday,Linux,edge
3:55 AM,Sweden,49.170.15.251,monday,Android,opera
6:14 PM,Indonesia,107.165.61.166,friday,Mac,brave
11:24 PM,Mexico,237.73.251.225,tuesday,iOS,edge
10:02 AM,Indonesia,19.163.155.208,tuesday,Windows,google
10:21 PM,Spain,175.180.157.113,friday,Linux,opera
4:00 AM,France,116.173.126.159,friday,Windows,google
6:40 PM,Guatemala,144.192.212.225,friday,Mac,opera
1:04 PM,China,184.40.18.169,tuesday,Android,opera
3:33 PM,Greece,164.30.73.242,thursday,Linux,opera
9:49 AM,Central African Republic,51.140.209.92,saturday,Mac,opera
10:18 PM,Philippines,121.120.182.92,thursday,Windows,google
1:50 AM,Philippines,61.153.51.40,saturday,Windows,opera
12:08 PM,China,75.253.248.28,wednesday,Android,google
1:41 AM,South Africa,76.195.187.254,tuesday,Linux,brave
4:11 AM,Portugal,53.61.57.46,wednesday,Windows,opera
12:56 PM,United States,174.15.203.130,tuesday,Android,brave
10:37 PM,Argentina,100.34.145.177,monday,Windows,google
8:24 PM,Nigeria,175.235.105.21,monday,Android,opera
12:45 AM,Brazil,158.173.195.175,thursday,Mac,edge
11:06 AM,Lebanon,64.227.217.47,wednesday,iOS,edge
2:30 AM,Mexico,192.225.69.152,monday,Android,brave
8:22 PM,China,114.209.53.222,thursday,iOS,brave
12:02 AM,Cameroon,22.45.60.21,sunday,iOS,edge
12:11 PM,Argentina,92.121.57.250,sunday,iOS,edge
7:29 AM,China,61.182.82.110,wednesday,Windows,google
11:16 PM,Indonesia,253.14.184.17,wednesday,Android,opera
7:49 AM,Argentina,48.61.255.69,sunday,iOS,brave
8:44 PM,Brazil,95.143.227.46,friday,Linux,google
2:28 PM,Cyprus,203.6.250.232,sunday,Windows,brave
2:54 AM,Malaysia,230.17.192.169,monday,iOS,brave
10:40 AM,Canada,236.147.2.191,friday,Windows,google
8:48 AM,China,56.176.181.184,monday,iOS,edge
5:31 PM,China,73.140.111.206,sunday,iOS,opera
10:02 AM,Peru,35.109.237.91,saturday,Windows,edge
9:39 AM,Palestinian Territory,13.135.240.107,wednesday,Android,opera
11:43 AM,Tanzania,2.97.233.3,tuesday,Windows,google
1:55 PM,France,59.221.23.239,sunday,iOS,edge
1:48 AM,Colombia,139.112.24.231,sunday,Android,edge
12:43 PM,Palestinian Territory,253.37.35.49,sunday,Windows,edge
12:17 AM,Czech Republic,210.149.116.61,saturday,iOS,edge
5:02 AM,Portugal,85.53.188.120,sunday,Mac,google
7:21 PM,China,15.255.85.5,saturday,iOS,brave
12:41 AM,Slovenia,110.163.197.251,friday,iOS,google
10:09 AM,Tajikistan,63.81.229.49,wednesday,Windows,brave
3:54 AM,France,50.235.111.102,friday,Windows,google
2:00 PM,Thailand,40.212.18.123,tuesday,Android,google
9:24 AM,China,10.228.216.176,tuesday,iOS,opera
3:09 AM,Cuba,35.17.188.161,sunday,Linux,opera
12:48 PM,Sweden,151.175.13.90,wednesday,Android,edge
7:51 PM,Egypt,188.65.14.251,thursday,Mac,google
9:39 AM,Kazakhstan,133.245.167.176,wednesday,Mac,google
3:35 AM,Indonesia,133.102.165.230,friday,iOS,edge
2:45 PM,Poland,197.5.220.225,monday,Android,google
6:27 AM,Indonesia,12.163.116.223,wednesday,Android,opera
10:45 AM,Equatorial Guinea,235.239.220.30,saturday,Windows,opera
8:46 PM,Japan,158.224.110.2,wednesday,Windows,opera
9:51 PM,Japan,207.100.162.75,wednesday,Mac,brave
9:06 AM,Portugal,120.83.57.108,wednesday,Linux,brave
10:11 PM,China,114.163.157.55,wednesday,Linux,edge
12:20 PM,Philippines,110.131.161.118,thursday,Windows,brave
3:01 AM,Peru,237.94.175.182,friday,Windows,edge
7:30 PM,Russia,31.49.177.92,saturday,Mac,edge
11:54 PM,Russia,241.0.54.235,monday,Mac,google
10:53 AM,Canada,124.76.89.63,tuesday,Android,brave
3:17 AM,Russia,31.121.64.142,sunday,Linux,edge
6:02 PM,Japan,77.75.79.155,friday,Linux,google
5:21 AM,France,125.242.136.85,sunday,Linux,brave
4:44 AM,China,168.117.108.166,friday,iOS,edge
5:21 AM,Honduras,4.139.49.183,tuesday,iOS,edge
4:59 AM,Indonesia,5.234.160.168,thursday,Android,brave
5:26 PM,Poland,137.102.132.205,tuesday,Windows,brave
12:51 AM,Portugal,186.206.69.131,saturday,iOS,opera
4:17 AM,China,241.122.119.223,sunday,Linux,opera
2:54 PM,Lithuania,234.56.55.184,tuesday,iOS,opera
5:01 PM,United States,44.198.126.183,tuesday,Mac,google
7:21 AM,Colombia,124.56.93.40,friday,Linux,brave
10:28 AM,Russia,93.128.233.70,wednesday,Android,google
11:23 AM,China,236.12.173.31,wednesday,Windows,opera
1:22 PM,China,37.212.53.25,monday,Mac,google
7:07 AM,Gambia,54.56.85.69,wednesday,Android,brave
6:37 PM,El Salvador,2.14.114.137,monday,iOS,google
5:51 PM,Russia,210.143.43.83,tuesday,Windows,edge
11:29 PM,China,169.245.83.182,saturday,Android,edge
5:18 AM,Brazil,94.242.246.171,thursday,Mac,google
8:50 PM,Indonesia,10.141.107.232,thursday,iOS,brave
2:31 AM,Indonesia,43.80.54.133,sunday,Mac,opera
8:15 AM,Iran,11.183.70.200,monday,Android,google
1:51 AM,Chile,116.200.30.110,wednesday,Mac,google
7:37 AM,Brazil,69.58.145.73,friday,iOS,edge
7:23 PM,Ukraine,171.135.204.35,saturday,iOS,google
12:03 PM,Mexico,112.230.155.191,wednesday,iOS,opera
3:44 PM,Indonesia,29.89.232.165,thursday,Linux,google
6:05 PM,Ukraine,128.228.53.51,sunday,Android,edge
1:06 PM,Madagascar,89.68.195.254,monday,Mac,google
10:10 AM,Indonesia,153.163.122.6,wednesday,Android,edge
2:48 PM,China,133.227.103.225,thursday,Linux,edge
6:07 PM,Philippines,140.156.113.125,sunday,Windows,brave
7:08 PM,Mexico,31.81.199.43,thursday,Windows,edge
6:05 AM,Philippines,233.230.107.232,saturday,Windows,google
12:13 AM,Philippines,58.204.186.194,thursday,Android,google
8:11 PM,China,176.128.151.129,sunday,Android,brave
11:13 AM,Azerbaijan,215.48.173.209,saturday,Android,edge
1:42 PM,Mauritius,174.147.71.191,monday,Windows,brave
5:58 AM,France,63.247.70.153,tuesday,Linux,google
12:12 AM,China,151.179.33.36,saturday,Android,opera
6:11 AM,Panama,47.117.216.220,thursday,iOS,edge
10:06 AM,Indonesia,103.217.61.231,friday,iOS,opera
1:42 AM,China,1.188.33.54,sunday,Linux,opera
2:57 PM,China,251.81.217.151,wednesday,iOS,edge
5:14 AM,China,26.123.15.254,friday,Android,google
3:06 AM,Portugal,207.232.145.55,friday,Mac,edge
6:53 PM,Mexico,102.18.223.68,tuesday,Windows,opera
5:09 AM,Indonesia,62.52.190.151,monday,Android,google
11:50 AM,Indonesia,144.170.118.242,friday,Android,brave
11:36 PM,Indonesia,129.13.91.59,thursday,Android,google
5:14 PM,Montserrat,178.96.24.31,friday,Mac,edge
1:33 PM,Cambodia,158.21.201.140,wednesday,Linux,brave
5:02 PM,China,64.41.255.106,wednesday,iOS,opera
4:51 PM,Mexico,16.41.227.14,wednesday,Mac,opera
3:42 AM,Greece,211.142.103.0,saturday,Mac,google
1:30 PM,Estonia,80.126.202.254,friday,Linux,edge
4:45 PM,Chile,103.115.49.26,tuesday,Linux,edge
4:57 PM,Philippines,6.18.209.236,sunday,Android,opera
1:58 AM,Haiti,3.8.222.159,sunday,Mac,brave
5:59 PM,Russia,230.173.82.164,monday,Windows,brave
8:28 PM,Brazil,192.198.184.198,saturday,Windows,edge
3:53 AM,Czech Republic,44.8.169.170,sunday,Linux,opera
6:47 PM,Armenia,104.67.64.22,thursday,Linux,opera
11:57 PM,Azerbaijan,132.184.0.150,monday,iOS,google
12:08 PM,Russia,116.56.100.5,tuesday,Android,google
11:35 AM,Indonesia,230.137.25.115,tuesday,Linux,brave
8:52 PM,Brazil,156.35.204.53,tuesday,Mac,edge
6:24 PM,Norway,85.248.191.212,wednesday,Linux,brave
5:43 AM,Poland,58.53.48.114,saturday,Linux,google
12:52 AM,Japan,161.214.151.211,tuesday,Android,google
8:07 AM,Bosnia and Herzegovina,207.217.6.204,thursday,Windows,google
6:47 PM,China,189.40.52.32,saturday,Mac,opera
5:24 PM,Sweden,146.200.36.190,sunday,Linux,opera
6:26 PM,Indonesia,160.50.249.80,wednesday,Mac,brave
5:33 AM,China,23.139.97.248,tuesday,Linux,edge
4:02 AM,China,149.14.239.177,tuesday,iOS,brave
10:34 AM,China,81.206.74.178,friday,Android,opera
5:43 AM,Ukraine,117.83.146.114,monday,iOS,google
2:09 AM,Sweden,149.247.212.248,sunday,iOS,brave
5:21 PM,Mauritius,82.96.5.164,saturday,iOS,opera
9:23 AM,Panama,122.167.58.179,monday,Mac,opera
9:22 AM,Croatia,239.32.102.31,thursday,iOS,google
7:08 PM,Serbia,22.21.66.254,tuesday,Linux,google
2:04 AM,Belarus,192.128.113.79,monday,Linux,edge
8:26 PM,Brazil,218.83.196.67,wednesday,Windows,google
8:03 AM,Sweden,117.41.177.157,friday,Windows,opera
9:09 PM,Israel,29.170.191.90,thursday,iOS,brave
4:57 PM,Madagascar,251.57.162.83,wednesday,Android,google
8:02 AM,Czech Republic,86.127.78.170,wednesday,iOS,google
3:59 AM,China,228.114.198.8,thursday,Linux,brave
6:18 AM,Pakistan,19.186.11.59,monday,Windows,opera
3:29 PM,Colombia,74.119.99.142,wednesday,Windows,brave
4:05 AM,China,181.58.173.241,monday,Android,opera
10:39 PM,Martinique,46.72.91.227,thursday,Linux,brave
6:40 PM,Russia,155.1.47.11,thursday,iOS,opera
1:23 PM,Poland,174.73.31.99,thursday,Linux,edge
10:27 AM,Ethiopia,96.199.108.208,tuesday,Windows,brave
2:35 AM,Albania,219.80.198.69,thursday,iOS,brave
10:58 PM,Philippines,210.244.190.219,friday,Mac,opera
9:08 PM,Mexico,191.180.154.242,sunday,Android,opera
9:40 PM,Philippines,13.196.92.215,thursday,Windows,opera
8:13 AM,Brazil,209.185.193.100,thursday,iOS,google
2:10 PM,Bulgaria,164.41.227.157,thursday,Android,google
5:25 PM,China,251.144.164.50,friday,Android,brave
8:08 AM,Thailand,50.249.37.93,wednesday,Mac,opera
8:23 PM,Philippines,224.47.222.122,tuesday,Mac,opera
12:39 AM,China,14.166.64.252,sunday,Windows,google
8:38 AM,Russia,226.134.245.66,wednesday,Windows,brave
10:45 PM,China,74.137.244.71,thursday,Windows,brave
6:56 PM,Poland,9.29.44.221,tuesday,Linux,google
3:11 PM,Philippines,160.200.29.54,wednesday,Linux,edge
3:14 PM,Indonesia,123.37.74.15,wednesday,Linux,opera
10:30 AM,China,184.66.198.246,sunday,Windows,brave
1:13 PM,Mexico,104.29.168.251,monday,Linux,brave
7:25 PM,Philippines,145.21.232.222,tuesday,Android,edge
7:59 PM,Finland,70.254.50.175,wednesday,Mac,edge
11:50 AM,Indonesia,69.217.246.41,sunday,Windows,opera
9:51 AM,Chad,160.133.23.181,wednesday,iOS,google
9:39 AM,Russia,7.82.131.156,friday,Linux,google
5:33 AM,Hungary,197.45.185.41,friday,iOS,opera
3:11 PM,Brazil,157.204.10.123,tuesday,iOS,opera
4:25 PM,Indonesia,83.113.221.162,wednesday,Windows,opera
3:55 PM,Bahamas,131.80.242.89,friday,iOS,google
4:08 AM,Saudi Arabia,150.144.195.135,thursday,Linux,opera
10:50 PM,Mexico,132.211.95.240,thursday,iOS,opera
2:03 PM,Russia,94.245.138.86,saturday,Linux,edge
4:16 AM,Pakistan,171.15.17.241,friday,Mac,brave
3:38 AM,Russia,149.185.153.122,sunday,Mac,edge
10:22 AM,China,19.49.87.2,sunday,iOS,edge
3:10 AM,Japan,192.183.43.139,friday,Mac,opera
3:23 AM,Indonesia,187.57.1.58,thursday,Windows,edge
2:17 AM,Jordan,230.114.58.120,monday,Android,edge
1:47 AM,China,53.103.16.76,monday,Android,google
3:23 AM,France,123.200.88.197,tuesday,iOS,opera
8:47 PM,Czech Republic,210.189.221.231,sunday,Windows,google
12:58 AM,Greece,232.62.86.165,monday,iOS,edge
9:08 PM,France,239.30.92.69,tuesday,Mac,google
9:34 AM,Peru,33.244.189.83,monday,iOS,opera
9:59 PM,France,250.225.164.123,saturday,Android,edge
6:01 PM,Chad,135.190.182.86,sunday,iOS,edge
7:09 AM,Israel,170.18.30.229,monday,iOS,brave
11:21 PM,Indonesia,39.182.19.32,wednesday,Windows,brave
7:34 AM,Greece,235.95.241.131,saturday,Mac,edge
5:06 AM,Greece,171.50.160.30,monday,Linux,opera
7:22 PM,Indonesia,234.36.98.68,saturday,Android,opera
4:43 AM,Indonesia,19.40.32.214,tuesday,Android,google
7:57 PM,France,81.126.32.5,saturday,Windows,brave
8:11 PM,Indonesia,68.205.43.175,wednesday,Android,brave
12:40 PM,Thailand,173.194.217.158,monday,Linux,google
7:16 PM,Colombia,211.205.67.178,thursday,Linux,google
10:23 PM,Indonesia,104.107.13.7,wednesday,Android,edge
1:50 AM,Russia,218.232.140.59,thursday,Windows,brave
8:06 PM,Indonesia,234.226.242.87,saturday,Android,edge
8:42 PM,Colombia,60.191.21.238,friday,Windows,edge
5:32 PM,Pakistan,214.144.216.88,saturday,Windows,google
12:54 AM,Argentina,134.33.87.253,wednesday,Mac,brave
2:13 PM,Philippines,109.207.25.241,monday,Windows,brave
4:00 PM,Mexico,152.189.189.42,thursday,iOS,opera
9:22 AM,Philippines,231.139.105.136,saturday,Android,brave
4:14 PM,Philippines,143.11.66.22,tuesday,iOS,google
3:02 PM,Greece,149.204.35.4,thursday,Windows,brave
10:21 PM,Peru,9.30.203.139,monday,Mac,opera
12:36 AM,Finland,215.125.11.155,thursday,Android,opera
10:54 PM,Thailand,41.210.152.227,monday,iOS,google
4:10 PM,China,124.140.124.250,wednesday,Mac,google
2:09 PM,China,51.139.19.58,sunday,Android,opera
7:18 PM,Finland,80.110.233.235,thursday,Mac,edge
5:32 AM,Sweden,38.177.212.84,sunday,iOS,brave
6:20 PM,Lesotho,33.133.25.130,saturday,Mac,google
5:09 PM,Czech Republic,27.85.136.46,saturday,Windows,brave
12:04 AM,Finland,181.108.90.247,wednesday,Windows,opera
2:59 AM,Indonesia,141.20.248.93,wednesday,Linux,edge
9:34 PM,United States,106.26.251.137,monday,Android,google
6:01 AM,France,192.100.125.160,wednesday,Linux,google
9:11 AM,Latvia,19.30.32.245,thursday,Windows,opera
1:47 AM,France,173.141.161.111,sunday,Android,google
11:51 AM,Czech Republic,155.54.166.168,thursday,Mac,opera
12:41 PM,Cameroon,49.209.20.159,tuesday,Android,brave
5:33 PM,Indonesia,219.208.45.11,saturday,Android,edge
3:57 AM,Philippines,120.131.182.7,friday,iOS,google
2:52 AM,Canada,40.205.219.54,monday,Android,brave
10:03 PM,China,130.47.107.127,saturday,Mac,opera
11:24 PM,United States,174.212.155.69,friday,Mac,brave
7:59 PM,China,152.249.57.110,saturday,iOS,edge
11:51 PM,Portugal,165.14.45.176,thursday,iOS,google
11:45 AM,China,20.8.213.156,thursday,Mac,google
6:41 PM,Russia,254.86.206.124,thursday,Mac,opera
8:02 PM,Japan,219.137.168.42,wednesday,Linux,brave
3:34 PM,France,66.47.19.170,sunday,Mac,google
6:39 AM,Niger,14.242.221.190,monday,Android,edge
9:31 PM,China,32.171.236.241,friday,Linux,edge
7:05 PM,Czech Republic,74.38.3.149,thursday,Windows,opera
10:02 PM,China,175.13.97.46,saturday,iOS,opera
10:28 AM,Botswana,95.7.212.197,thursday,Windows,edge
6:57 AM,Philippines,133.30.42.14,tuesday,Android,brave
3:55 AM,Macedonia,146.204.206.195,thursday,iOS,opera
2:23 PM,China,252.58.20.219,tuesday,iOS,edge
10:20 AM,France,230.108.166.207,monday,Android,opera
2:01 AM,China,105.40.13.239,saturday,Linux,opera
7:02 PM,China,214.192.127.209,monday,Linux,opera
8:00 PM,Philippines,61.37.84.107,monday,iOS,edge
3:20 PM,Venezuela,216.110.114.145,monday,Linux,edge
8:31 AM,South Africa,61.242.160.177,thursday,Android,edge
3:25 PM,Myanmar,120.191.228.242,monday,Windows,edge
7:56 AM,China,17.61.21.63,thursday,Linux,opera
12:05 AM,Colombia,28.196.62.228,tuesday,iOS,opera
4:51 AM,Myanmar,208.80.0.90,tuesday,Linux,opera
12:47 AM,Norway,216.217.107.1,tuesday,Mac,google
2:42 PM,Paraguay,9.121.6.10,wednesday,iOS,google
8:46 AM,China,189.233.162.89,friday,Android,google
2:41 AM,Indonesia,142.2.218.141,monday,Android,brave
6:16 PM,Czech Republic,63.255.141.205,tuesday,iOS,brave
6:04 PM,French Southern Territories,217.116.220.253,saturday,Windows,edge
8:54 PM,China,20.214.47.244,saturday,Android,opera
12:07 AM,China,56.155.171.112,friday,Mac,edge
11:51 AM,Netherlands,165.217.140.92,friday,Windows,google
6:08 AM,Philippines,202.196.4.58,thursday,Android,edge
1:16 PM,Poland,104.67.112.110,sunday,Mac,google
1:48 PM,China,52.24.23.8,thursday,Linux,edge
1:39 AM,Ukraine,196.41.225.49,tuesday,Windows,opera
2:33 AM,Indonesia,42.8.222.162,monday,Windows,google
7:40 AM,Netherlands,149.187.173.85,monday,Windows,opera
3:40 AM,Poland,27.54.128.15,tuesday,Android,opera
9:57 AM,Portugal,8.58.169.34,friday,Android,brave
5:31 PM,United States,208.185.96.237,thursday,Mac,edge
3:12 AM,France,143.19.89.109,tuesday,Mac,opera
1:45 PM,Portugal,231.193.53.31,wednesday,Windows,opera
8:02 AM,Poland,116.0.42.206,friday,Mac,edge
1:09 PM,China,143.249.103.47,sunday,iOS,edge
6:58 AM,Brazil,253.211.93.60,monday,iOS,brave
9:03 AM,Philippines,134.63.52.109,thursday,Android,google
11:04 PM,China,254.21.86.104,wednesday,Android,google
12:12 PM,China,122.252.117.203,saturday,iOS,opera
7:38 PM,Ethiopia,188.169.84.177,monday,Linux,brave
7:18 PM,Finland,177.4.190.87,thursday,Mac,brave
8:23 AM,Mexico,80.14.116.15,saturday,Linux,opera
5:01 PM,Colombia,44.71.43.159,wednesday,Windows,opera
12:03 AM,China,15.82.198.155,friday,Android,edge
7:58 AM,Germany,190.6.196.98,saturday,Android,opera
2:03 PM,Belize,204.174.144.148,monday,Linux,google
10:11 AM,Colombia,211.136.81.5,saturday,Linux,opera
8:57 PM,Argentina,214.34.21.71,wednesday,iOS,brave
8:26 PM,Canada,189.112.70.83,tuesday,Linux,google
3:40 AM,Indonesia,209.45.192.75,saturday,iOS,google
3:18 PM,Philippines,85.98.224.11,saturday,Android,opera
11:07 AM,Sweden,140.213.40.203,tuesday,Windows,opera
5:41 PM,China,151.197.176.136,wednesday,Android,brave
6:25 AM,Pakistan,66.116.36.36,wednesday,Linux,google
10:17 PM,China,44.175.37.164,saturday,Mac,opera
3:22 AM,China,115.91.196.37,sunday,Linux,opera
4:20 PM,France,65.19.253.119,tuesday,Linux,opera
11:07 PM,China,245.173.88.249,sunday,Windows,brave
7:38 PM,China,241.0.79.208,friday,Linux,brave
5:12 PM,France,128.176.196.150,thursday,Linux,google
8:13 AM,Indonesia,160.202.184.255,friday,Linux,opera
6:04 PM,Brazil,120.207.226.158,thursday,Mac,opera
12:50 PM,Philippines,219.225.175.67,friday,Mac,google
4:49 AM,Philippines,196.253.179.76,wednesday,Linux,brave
2:35 PM,China,14.15.97.124,sunday,Android,edge
9:37 AM,Czech Republic,25.200.123.206,monday,Windows,opera
3:21 AM,China,118.24.193.252,friday,iOS,brave
7:45 AM,Sweden,220.131.97.159,friday,iOS,brave
10:18 AM,Mexico,54.125.185.250,thursday,Mac,google
3:26 PM,Japan,58.119.89.116,thursday,iOS,opera
5:13 PM,Indonesia,167.206.29.12,saturday,Windows,google
4:02 PM,Russia,228.150.186.216,tuesday,iOS,brave
2:50 PM,France,77.117.82.173,thursday,Windows,google
7:53 AM,Comoros,232.174.249.53,friday,iOS,google
9:23 AM,Italy,97.85.207.241,tuesday,iOS,brave
1:48 PM,China,114.166.191.161,friday,Windows,brave
10:03 AM,Dominican Republic,35.201.130.9,monday,Android,brave
1:43 PM,Chile,52.143.203.15,sunday,Mac,opera
5:55 AM,Greece,59.100.234.5,saturday,iOS,edge
12:05 AM,Russia,60.237.141.161,saturday,Mac,google
7:39 PM,China,225.121.23.27,thursday,Windows,edge
7:01 AM,China,201.95.249.62,monday,Linux,google
3:09 PM,Czech Republic,62.110.187.52,thursday,Android,opera
8:07 PM,Argentina,160.178.188.85,tuesday,Windows,opera
10:00 AM,China,89.123.229.53,saturday,Android,opera
8:36 PM,China,73.42.115.193,thursday,Mac,google
1:19 PM,South Africa,51.45.34.165,thursday,Mac,opera
12:05 AM,Pakistan,183.19.228.106,friday,Mac,opera
9:50 AM,Brazil,168.42.172.123,thursday,iOS,google
7:17 AM,United States,128.118.50.230,friday,Windows,opera
3:21 PM,Russia,198.189.203.164,monday,Mac,brave
11:31 PM,Syria,166.114.183.142,friday,iOS,opera
2:27 PM,China,44.29.103.250,friday,Mac,brave
9:47 AM,Poland,183.163.248.195,monday,Linux,google
1:27 PM,Albania,32.224.78.181,saturday,Android,edge
12:36 PM,Mexico,19.182.181.23,sunday,Android,google
11:47 AM,Philippines,252.55.170.205,thursday,iOS,google
12:00 PM,Argentina,13.172.209.226,thursday,Mac,edge
11:45 PM,Armenia,85.74.57.125,wednesday,Linux,brave
11:27 PM,Indonesia,35.206.100.158,tuesday,iOS,opera
3:37 PM,Argentina,48.152.35.250,thursday,Android,edge
2:28 PM,Moldova,194.133.182.141,monday,Mac,google
11:07 AM,Indonesia,81.58.227.13,monday,Linux,edge
11:22 AM,Poland,73.58.79.142,friday,Android,edge
6:30 PM,Jordan,20.186.131.18,friday,Android,brave
4:20 AM,China,170.69.18.211,tuesday,iOS,edge
8:14 PM,Spain,145.60.52.252,wednesday,Linux,opera
2:26 AM,Sweden,84.105.178.72,wednesday,Linux,edge
2:34 PM,Czech Republic,21.114.117.130,wednesday,Linux,google
2:05 PM,Indonesia,17.239.89.248,saturday,Mac,opera
2:44 PM,Costa Rica,147.160.209.82,saturday,Linux,edge
2:07 PM,Nigeria,67.147.27.3,wednesday,Linux,opera
2:56 AM,China,37.108.232.246,saturday,Android,google
8:15 AM,Indonesia,120.47.92.92,thursday,Windows,edge
9:59 PM,Indonesia,199.190.50.25,wednesday,Linux,brave
6:53 PM,China,13.6.216.163,tuesday,Linux,google
12:27 AM,United States,121.50.30.90,monday,Android,google
4:12 AM,Japan,156.129.66.209,monday,Android,edge
10:37 PM,Brazil,229.165.43.154,monday,iOS,google
3:00 PM,Brazil,103.108.209.31,monday,Windows,opera
4:13 PM,Argentina,193.36.206.64,tuesday,Android,google
8:30 PM,Indonesia,118.127.10.211,sunday,Linux,brave
7:01 PM,Thailand,100.135.131.194,sunday,Linux,opera
1:27 AM,Peru,88.190.204.247,thursday,Android,opera
3:14 AM,Portugal,165.23.112.100,tuesday,Windows,opera
5:53 AM,Russia,7.31.73.138,monday,iOS,google
3:55 PM,China,199.20.227.222,friday,Android,edge
12:14 AM,Greece,229.232.138.198,monday,Windows,edge
1:05 AM,Czech Republic,199.216.38.60,friday,Mac,brave
10:40 PM,United States,225.149.207.203,friday,Linux,google
7:52 AM,China,235.232.137.2,tuesday,Linux,brave
7:16 PM,Nigeria,32.151.106.166,monday,Mac,brave
11:36 PM,Russia,15.191.143.213,sunday,Windows,google
1:09 AM,Indonesia,215.74.152.177,saturday,Mac,google
7:14 AM,Vietnam,21.0.97.103,wednesday,Windows,edge
3:39 PM,China,66.185.39.108,sunday,Mac,google
8:49 PM,Central African Republic,87.118.232.218,sunday,Windows,edge
7:09 PM,Indonesia,219.77.7.104,tuesday,iOS,edge
12:55 PM,Italy,233.176.30.42,friday,Windows,brave
6:14 AM,Sweden,121.49.156.45,friday,Linux,opera
10:06 AM,Indonesia,146.71.189.75,tuesday,Android,google
3:10 PM,Denmark,207.250.25.173,wednesday,Mac,brave
1:50 AM,Thailand,25.1.139.164,sunday,iOS,google
8:21 AM,Greece,98.8.211.69,sunday,iOS,google
5:03 PM,Afghanistan,46.175.5.95,saturday,Android,google
5:28 AM,Slovenia,207.31.20.214,thursday,Linux,brave
8:57 PM,Japan,147.106.241.201,monday,iOS,edge
9:29 PM,Greece,45.218.122.40,sunday,iOS,google
7:18 AM,China,235.108.101.73,thursday,Linux,opera
8:58 PM,Ethiopia,172.107.192.120,monday,Android,edge
12:07 PM,Indonesia,21.117.212.50,sunday,Mac,google
2:55 PM,China,140.252.3.31,monday,Android,opera
4:41 PM,Indonesia,205.163.141.16,thursday,Android,brave
4:16 AM,Indonesia,121.196.70.171,friday,Windows,edge
3:11 PM,China,10.66.200.93,thursday,Linux,opera
12:35 AM,Portugal,42.152.115.148,monday,Android,google
2:22 PM,Canada,102.202.14.230,sunday,iOS,edge
11:26 PM,Spain,91.168.9.94,thursday,Linux,edge
7:08 PM,Indonesia,108.191.146.137,friday,iOS,brave
1:29 AM,Anguilla,106.39.5.67,sunday,Windows,google
4:01 AM,China,193.131.234.136,tuesday,Linux,edge
3:40 AM,China,248.136.92.84,friday,Windows,google
1:18 AM,Pakistan,206.164.218.252,friday,Android,opera
10:28 AM,China,146.249.175.10,friday,iOS,edge
1:38 AM,Portugal,21.222.147.137,saturday,Mac,brave
1:36 PM,Serbia,28.20.150.193,wednesday,iOS,brave
11:18 AM,Wallis and Futuna,71.245.193.168,wednesday,iOS,google
5:56 PM,Colombia,85.73.87.106,thursday,Android,brave
4:30 AM,Philippines,132.16.203.101,friday,Windows,google
5:50 AM,Russia,238.135.218.31,saturday,Linux,edge
4:16 PM,China,56.208.28.158,tuesday,iOS,google
1:47 PM,China,19.15.74.7,friday,iOS,opera
1:49 PM,Brazil,162.7.107.52,monday,Linux,brave
2:49 AM,Ukraine,72.120.215.59,wednesday,Linux,brave
3:52 AM,Poland,255.38.8.145,monday,Linux,google
12:41 PM,Ghana,77.81.24.22,thursday,Android,edge
9:30 AM,Greece,122.225.22.109,thursday,Linux,brave
5:32 PM,China,14.16.70.184,tuesday,iOS,brave
4:19 PM,Indonesia,4.209.43.175,thursday,Windows,brave
10:00 PM,Poland,201.20.200.235,tuesday,Linux,brave
8:07 AM,China,73.230.171.103,wednesday,Linux,google
12:13 AM,Poland,125.57.43.11,friday,Mac,brave
10:19 PM,Tanzania,166.248.37.2,friday,Windows,google
11:22 AM,Indonesia,132.179.252.215,friday,Mac,google
7:45 PM,Indonesia,36.222.46.229,thursday,iOS,brave
7:46 AM,Colombia,100.238.20.105,monday,Android,edge
8:03 AM,Peru,174.23.203.96,monday,iOS,google
5:30 AM,Panama,97.42.87.110,thursday,iOS,opera
8:16 PM,Pakistan,66.243.172.159,thursday,iOS,opera
4:08 PM,China,17.89.148.215,saturday,Linux,edge
9:57 PM,Thailand,123.138.234.212,sunday,Android,opera
7:00 AM,China,98.79.226.132,sunday,Mac,opera
8:22 AM,Indonesia,23.79.219.178,monday,Mac,opera
3:27 AM,Brazil,190.80.173.184,thursday,Windows,brave
12:26 PM,Portugal,81.28.102.119,tuesday,iOS,brave
1:25 PM,North Korea,57.117.48.44,thursday,Android,opera
1:51 PM,Honduras,39.11.69.132,sunday,Windows,brave
11:24 PM,Indonesia,216.13.204.140,tuesday,Mac,opera
7:31 PM,Sweden,158.140.83.104,sunday,Linux,opera
5:52 AM,Mexico,232.55.242.105,sunday,Linux,brave
11:25 PM,Uzbekistan,184.148.58.32,sunday,Android,google
4:48 PM,Indonesia,237.143.239.132,sunday,Linux,brave
8:39 PM,Brazil,238.212.142.207,wednesday,Mac,opera
3:55 AM,Sweden,218.204.25.17,friday,Windows,google
11:07 AM,Greece,33.55.199.21,thursday,Mac,edge
12:29 AM,China,157.37.47.45,friday,Android,opera
2:11 PM,Indonesia,215.57.31.187,tuesday,Mac,google
7:48 AM,Serbia,56.17.104.15,thursday,Linux,brave
11:41 PM,France,152.87.96.211,thursday,Windows,opera
9:33 PM,China,247.44.73.7,saturday,Linux,opera
4:33 PM,Malawi,186.185.20.22,saturday,Mac,edge
12:06 PM,Brazil,117.153.145.179,thursday,Mac,brave
6:29 AM,East Timor,47.189.132.210,sunday,Windows,brave
9:19 PM,Slovenia,159.174.153.232,tuesday,Mac,brave
12:43 AM,Philippines,214.54.246.11,tuesday,Windows,google
10:06 AM,Czech Republic,255.205.253.204,friday,Android,brave
1:18 AM,Zimbabwe,182.51.239.45,friday,Linux,edge
4:47 PM,Portugal,18.235.210.59,monday,iOS,google
8:39 AM,Yemen,131.182.173.67,monday,Windows,google
1:22 PM,Portugal,36.187.225.49,sunday,iOS,google
9:32 PM,Hungary,89.117.213.182,wednesday,iOS,opera
6:40 AM,Russia,246.233.93.76,tuesday,Android,brave
9:19 PM,Philippines,227.28.3.150,sunday,Windows,google
7:48 PM,China,170.210.50.118,thursday,Linux,brave
8:13 AM,Brazil,107.213.193.17,saturday,Mac,edge
2:53 PM,Argentina,222.118.36.125,friday,Android,brave
8:37 PM,Canada,55.215.142.254,wednesday,Windows,google
5:34 AM,Sweden,58.34.36.96,saturday,Windows,google
8:53 AM,Peru,221.222.3.151,thursday,iOS,edge
4:44 AM,Russia,20.204.53.215,monday,iOS,brave
1:05 PM,Philippines,51.192.24.174,tuesday,Mac,brave
6:38 PM,Brazil,72.39.141.239,tuesday,Linux,google
5:31 PM,Greece,143.98.249.77,sunday,Linux,edge
4:46 AM,Portugal,228.118.41.189,sunday,Windows,opera
1:44 AM,China,157.13.93.195,thursday,Android,edge
1:51 PM,United States,82.182.0.134,monday,iOS,opera
9:01 AM,Kazakhstan,68.104.105.49,friday,Android,edge
2:10 AM,Indonesia,254.92.213.88,tuesday,Mac,brave
1:15 AM,China,132.240.191.177,wednesday,Linux,brave
10:35 AM,China,241.37.88.1,saturday,iOS,opera
3:56 AM,Indonesia,123.32.245.101,saturday,Mac,google
10:42 AM,Morocco,168.226.240.110,tuesday,Linux,brave
1:11 AM,Sweden,151.100.123.82,friday,Linux,opera
3:32 AM,Indonesia,139.170.102.55,tuesday,Android,google
8:42 AM,Indonesia,90.103.122.179,wednesday,Mac,google
7:51 PM,Russia,55.8.226.118,sunday,Linux,google
2:16 AM,Indonesia,195.61.137.225,tuesday,Mac,opera
1:59 PM,Russia,236.176.144.118,tuesday,iOS,google
11:54 AM,Indonesia,20.166.8.154,monday,Windows,brave
7:18 PM,Portugal,240.5.34.32,sunday,Android,google
12:39 AM,China,167.132.33.66,saturday,iOS,edge
12:27 AM,Ukraine,255.168.146.7,thursday,iOS,brave
2:54 AM,China,45.208.83.232,sunday,Linux,opera
4:51 PM,Japan,11.187.166.248,friday,Mac,brave
3:38 PM,Portugal,133.93.140.218,tuesday,iOS,opera
12:42 AM,China,23.11.242.226,wednesday,Linux,opera
9:51 AM,Spain,93.74.207.132,wednesday,iOS,opera
5:00 PM,Ukraine,193.34.27.14,thursday,Linux,google
9:21 PM,Poland,36.38.63.251,thursday,iOS,brave
6:47 AM,Portugal,157.247.141.94,saturday,Windows,google
1:10 PM,Indonesia,228.173.61.235,saturday,iOS,google
10:29 AM,Ukraine,158.232.89.60,monday,Android,edge
6:31 AM,Indonesia,214.216.94.12,tuesday,Android,google
2:43 AM,Indonesia,209.221.228.71,tuesday,Windows,brave
4:38 PM,Poland,76.197.84.192,monday,Windows,edge
4:22 AM,Czech Republic,44.118.55.66,friday,Mac,brave
6:35 PM,Brazil,25.21.178.149,monday,Android,google
10:09 PM,Papua New Guinea,61.206.168.30,sunday,Linux,brave
2:33 PM,Philippines,94.67.239.216,friday,Mac,google
7:59 PM,Portugal,254.75.187.142,tuesday,Android,brave
11:01 PM,Russia,255.135.191.184,saturday,iOS,brave
7:38 PM,Indonesia,231.94.192.153,tuesday,Android,brave
6:30 PM,Colombia,13.1.208.163,saturday,Android,opera
8:23 PM,Thailand,227.105.192.159,monday,Linux,google
6:36 PM,Ireland,209.131.217.70,tuesday,iOS,google
6:53 AM,Japan,220.93.79.129,sunday,Windows,brave
5:49 PM,Indonesia,6.233.18.165,monday,Android,brave
9:30 AM,Somalia,109.32.3.177,tuesday,Mac,edge
4:35 AM,Venezuela,185.186.169.189,wednesday,Mac,brave
10:27 AM,South Africa,28.229.93.119,friday,Mac,opera
2:01 AM,Spain,117.72.107.32,sunday,Windows,brave
4:09 PM,Philippines,246.165.106.12,sunday,Linux,edge
11:12 PM,France,58.204.112.74,monday,Windows,google
9:26 PM,Peru,151.75.51.33,saturday,Linux,opera
7:44 PM,Japan,213.20.241.28,wednesday,iOS,google
9:18 PM,China,0.209.186.94,monday,iOS,opera
1:29 PM,Philippines,150.22.105.145,wednesday,Linux,edge
3:13 AM,Russia,3.237.92.254,thursday,Linux,edge
9:40 AM,Spain,177.241.236.21,monday,Mac,edge
6:49 PM,Peru,128.2.133.175,monday,Android,edge
5:26 PM,China,141.181.142.185,monday,iOS,google
10:33 PM,Indonesia,16.84.122.210,friday,Windows,google
11:27 PM,Sweden,133.134.242.29,wednesday,Android,google
5:51 AM,France,105.11.43.113,tuesday,Mac,brave
4:03 PM,Iran,229.155.68.170,sunday,Android,opera
4:00 AM,Brazil,235.146.12.194,saturday,iOS,edge
7:00 PM,Kazakhstan,27.97.73.87,wednesday,Android,opera
7:08 PM,Argentina,23.79.182.197,saturday,Android,opera
3:21 AM,Brazil,208.116.230.185,monday,Mac,brave
1:51 AM,Russia,209.106.192.33,monday,Linux,brave
8:37 AM,Nigeria,247.236.133.14,thursday,Linux,edge
4:08 AM,Portugal,243.96.117.89,thursday,Windows,edge
7:40 PM,Ghana,247.33.65.93,sunday,Android,opera
8:12 PM,China,146.142.14.193,tuesday,Mac,google
4:33 AM,Kazakhstan,195.77.134.5,thursday,Mac,brave
2:56 AM,Indonesia,65.234.58.12,saturday,Mac,google
1:01 PM,Brazil,255.192.40.128,monday,Linux,google
8:44 PM,Palestinian Territory,64.143.211.98,tuesday,Linux,google
4:48 PM,China,142.247.31.84,friday,Windows,brave
1:43 AM,China,100.170.106.158,saturday,Windows,opera
3:54 PM,Russia,69.185.208.14,saturday,Android,brave
2:25 AM,China,68.215.111.122,wednesday,Linux,edge
4:02 AM,Macedonia,23.82.175.23,tuesday,Android,google
1:08 AM,Portugal,224.93.73.222,wednesday,Linux,edge
12:09 PM,Sweden,85.215.23.192,monday,Windows,brave
6:38 PM,Brazil,150.237.126.160,tuesday,iOS,brave
8:05 PM,Sweden,35.1.217.120,wednesday,iOS,edge
7:36 PM,Sweden,116.22.184.47,wednesday,Android,edge
6:15 AM,Venezuela,23.224.9.235,wednesday,Windows,edge
9:58 AM,Guinea,230.40.20.183,wednesday,Mac,brave
1:34 PM,China,91.40.191.206,monday,Windows,google
7:06 AM,Peru,216.34.167.184,monday,Android,edge
1:02 AM,France,192.249.200.124,monday,Windows,opera
6:30 AM,Japan,145.192.60.159,saturday,Windows,opera
10:25 PM,Portugal,247.210.182.48,tuesday,Linux,brave
2:01 AM,Czech Republic,212.228.142.191,tuesday,Windows,opera
9:29 PM,Russia,101.243.126.56,tuesday,Linux,opera
12:33 PM,Indonesia,201.254.96.117,friday,Mac,opera
6:58 PM,Vietnam,111.155.178.51,wednesday,Linux,opera
3:45 PM,China,113.19.54.64,monday,Linux,brave
11:59 AM,Albania,79.36.169.8,monday,Mac,google
7:44 PM,Russia,35.174.187.147,thursday,Linux,edge
7:01 PM,China,154.46.221.0,wednesday,iOS,brave
12:26 AM,China,44.252.13.231,sunday,Windows,edge
8:18 AM,Gambia,167.197.126.91,sunday,Windows,google
9:00 AM,Poland,204.110.39.142,sunday,Windows,google
10:54 AM,Croatia,28.43.77.212,friday,Linux,google
6:38 AM,Pakistan,12.133.226.181,monday,Android,google
4:24 AM,Bulgaria,39.203.249.126,sunday,iOS,google
7:34 AM,Poland,145.205.16.56,thursday,Android,edge
7:33 AM,Japan,13.28.237.244,tuesday,Linux,brave
5:58 PM,Indonesia,125.94.104.64,tuesday,Linux,opera
12:43 AM,Luxembourg,109.149.44.54,tuesday,Android,google
3:27 PM,China,231.38.19.192,monday,Android,edge
3:15 AM,China,201.166.190.28,friday,iOS,edge
3:12 PM,Russia,3.178.244.12,saturday,iOS,google
10:22 PM,Estonia,145.132.155.27,tuesday,Linux,edge
7:48 AM,China,195.67.148.251,sunday,Mac,edge
2:28 AM,Brazil,52.247.82.254,friday,Mac,edge
9:20 AM,Russia,98.103.207.22,wednesday,Linux,opera
4:34 AM,Kazakhstan,7.59.254.208,friday,Linux,edge
2:18 PM,China,105.175.100.216,friday,Linux,google
5:38 PM,Syria,110.251.78.75,thursday,Mac,edge
8:06 PM,France,84.231.190.62,saturday,Linux,brave
4:20 PM,Macedonia,35.210.219.173,monday,Android,edge
9:45 PM,Bosnia and Herzegovina,90.29.63.124,wednesday,Windows,opera
10:41 AM,Sweden,185.94.81.202,thursday,iOS,opera
4:35 AM,China,13.219.217.56,sunday,Windows,google
3:00 AM,Philippines,27.178.67.118,saturday,Linux,edge
2:15 PM,France,129.191.189.132,wednesday,Android,brave
5:57 PM,China,85.146.146.244,tuesday,iOS,brave
4:45 PM,Portugal,197.35.31.187,monday,Windows,brave
1:36 PM,Philippines,106.72.99.70,tuesday,Mac,edge
10:58 PM,Thailand,79.225.243.52,thursday,Android,google
2:26 AM,Estonia,253.248.121.26,monday,Mac,google
4:26 PM,Portugal,239.227.114.120,sunday,Android,opera
2:02 AM,China,152.156.146.117,wednesday,Windows,edge
1:45 AM,Indonesia,162.199.136.116,monday,iOS,brave
1:37 AM,China,65.241.64.90,saturday,Windows,opera
7:53 PM,Bulgaria,141.29.71.52,tuesday,iOS,google
9:15 PM,Indonesia,85.17.86.234,monday,Android,google
9:00 PM,Russia,179.103.109.68,sunday,iOS,edge
9:35 PM,China,210.96.117.103,tuesday,Windows,google
2:47 AM,China,206.182.170.48,saturday,Mac,opera
6:09 AM,Russia,145.212.31.115,monday,Mac,brave
2:47 AM,China,32.119.107.17,monday,Android,edge
5:24 PM,Mongolia,254.8.96.81,monday,Mac,opera
3:41 PM,Russia,47.192.194.197,saturday,Mac,edge
10:07 AM,Somalia,249.37.206.115,thursday,iOS,opera
3:25 AM,United Kingdom,239.226.69.180,sunday,Android,google
3:30 PM,Indonesia,209.217.200.55,friday,Android,brave
5:45 PM,United States,162.31.150.102,wednesday,Mac,brave
4:21 PM,Philippines,114.134.227.7,sunday,Android,google
3:36 AM,China,226.184.47.13,friday,iOS,opera
1:22 PM,Madagascar,214.43.235.154,sunday,Windows,google
1:05 AM,Canada,38.176.21.63,friday,iOS,edge
4:39 AM,Malaysia,222.246.122.226,thursday,Android,google
10:22 PM,Sweden,213.161.14.122,monday,Android,brave
5:15 PM,Philippines,92.76.62.229,friday,iOS,google
2:04 PM,China,71.100.123.210,wednesday,Linux,opera
1:43 PM,Indonesia,254.240.158.15,friday,Windows,google
11:33 PM,Portugal,87.155.60.110,tuesday,Linux,brave
10:46 AM,China,140.141.89.123,tuesday,Android,google
7:21 PM,Indonesia,63.76.142.25,sunday,Windows,brave
4:37 AM,China,97.250.174.139,thursday,Linux,opera
2:28 AM,China,223.219.151.192,saturday,Android,google
8:40 AM,Denmark,222.52.109.228,tuesday,iOS,brave
8:48 AM,Laos,26.5.104.130,tuesday,Linux,brave
2:13 AM,Indonesia,79.45.86.255,monday,Mac,brave
11:58 AM,Chile,219.70.28.146,sunday,Android,google
4:26 AM,Mexico,114.1.208.172,tuesday,iOS,brave
6:14 PM,Mozambique,6.84.82.148,thursday,Windows,google
2:10 AM,China,156.60.39.133,tuesday,iOS,edge
11:16 AM,Greece,147.55.152.51,tuesday,Android,edge
7:53 AM,Philippines,0.62.171.41,sunday,Android,opera
1:39 PM,Sri Lanka,176.205.16.167,saturday,iOS,opera
10:39 AM,Canada,244.204.134.65,monday,Linux,edge
4:08 AM,China,144.139.183.30,friday,Android,opera
11:01 AM,Indonesia,172.196.79.45,thursday,Linux,edge
4:50 AM,Afghanistan,193.202.44.192,wednesday,Mac,opera
3:25 AM,China,48.114.131.91,sunday,Android,google
1:49 AM,Zimbabwe,200.139.208.162,friday,iOS,google
9:02 PM,Russia,237.245.59.120,saturday,Mac,edge
5:59 PM,Finland,116.142.8.225,sunday,Android,brave
5:30 PM,Serbia,120.215.207.58,monday,Android,opera
10:51 PM,Indonesia,90.205.35.147,saturday,Windows,edge
7:28 PM,China,201.217.147.75,sunday,iOS,google
12:02 PM,Poland,134.229.153.255,saturday,Linux,google
2:52 PM,China,141.224.129.87,monday,iOS,brave
6:57 AM,Indonesia,22.17.158.13,sunday,iOS,edge
11:58 PM,Sweden,161.159.51.238,monday,iOS,opera
12:36 AM,Russia,130.212.168.65,wednesday,Linux,brave
9:12 AM,China,208.225.161.108,wednesday,iOS,opera
12:42 AM,Russia,101.146.186.79,saturday,Windows,brave
3:04 PM,Moldova,182.200.226.179,saturday,Mac,google
4:22 PM,Philippines,105.183.226.4,monday,Android,google
12:21 PM,United States,128.240.160.63,tuesday,Windows,brave
11:42 PM,Portugal,191.141.199.219,wednesday,Android,brave
8:32 PM,Poland,17.244.105.44,friday,Mac,opera
11:35 PM,Greece,128.89.226.92,friday,iOS,edge
12:25 AM,Indonesia,249.31.127.4,wednesday,Windows,brave
11:17 AM,China,150.220.158.68,thursday,Linux,edge
5:57 AM,China,78.47.127.178,tuesday,iOS,edge
11:49 AM,Indonesia,74.233.93.63,tuesday,Windows,edge
7:00 PM,Philippines,88.73.156.156,wednesday,Windows,opera
8:18 AM,Portugal,230.241.218.25,friday,Android,opera
7:18 PM,Indonesia,96.45.159.76,friday,Linux,opera
1:33 AM,Egypt,58.23.125.138,saturday,Android,edge
3:57 AM,Portugal,150.225.106.199,monday,Mac,opera
1:14 PM,Colombia,255.199.224.49,thursday,iOS,edge
12:40 PM,South Africa,238.78.190.104,monday,Mac,edge
3:46 AM,United States,240.197.219.19,wednesday,Android,brave
6:53 AM,Indonesia,143.222.221.6,sunday,Android,edge
7:06 PM,China,169.91.115.190,sunday,Linux,opera
11:00 AM,Poland,122.39.37.122,tuesday,Linux,brave
12:05 AM,Czech Republic,184.162.182.35,thursday,iOS,edge
1:58 PM,China,3.254.56.98,monday,Mac,google
7:06 AM,China,172.119.225.141,thursday,Mac,brave
10:21 PM,China,245.173.3.91,monday,Mac,brave
2:55 PM,China,142.71.225.233,tuesday,Android,opera
4:44 PM,Philippines,172.230.223.30,sunday,Windows,brave
8:36 PM,Sweden,207.198.59.52,wednesday,Windows,brave
4:32 AM,Laos,133.104.144.246,saturday,Mac,edge
5:38 AM,Czech Republic,80.205.254.90,thursday,iOS,opera
12:11 AM,Nigeria,190.55.132.127,saturday,Android,brave
4:33 PM,United States,48.39.240.25,saturday,Mac,google
4:19 AM,Lithuania,149.118.190.55,thursday,Linux,opera
5:48 PM,Colombia,104.93.201.78,thursday,Windows,google
4:59 PM,France,139.217.214.213,friday,Android,brave
8:32 AM,Sweden,126.244.1.214,sunday,Mac,google
4:59 PM,Pakistan,5.224.61.54,sunday,Windows,opera
12:18 AM,Ireland,71.39.235.183,wednesday,Linux,google
3:36 AM,Philippines,26.117.178.82,thursday,iOS,opera
12:13 AM,Russia,149.13.178.67,friday,iOS,brave
12:44 PM,Madagascar,115.21.60.96,monday,Mac,brave
2:25 PM,Vietnam,32.12.247.144,sunday,Linux,edge
7:12 PM,China,181.207.147.42,wednesday,iOS,opera
11:30 AM,Sweden,58.143.161.225,thursday,Mac,brave
10:43 PM,Finland,21.86.34.77,tuesday,iOS,google
8:09 AM,Brazil,22.161.81.52,tuesday,iOS,edge
6:05 PM,France,192.164.54.6,saturday,Windows,brave
1:17 AM,China,70.114.238.226,friday,iOS,edge
9:45 AM,Peru,40.35.98.140,friday,Mac,opera
10:50 AM,China,33.199.119.144,saturday,iOS,opera
8:57 AM,Slovenia,47.197.68.15,saturday,Windows,opera
7:31 AM,China,189.203.143.95,monday,Android,brave
7:19 AM,Armenia,13.215.145.33,friday,Windows,edge
10:27 PM,Nepal,223.60.152.146,friday,Linux,edge
6:57 AM,Hungary,30.119.84.123,friday,Android,brave
9:56 PM,Portugal,127.54.208.118,wednesday,Android,opera
10:38 PM,Russia,142.211.33.6,thursday,Mac,edge
4:14 PM,Indonesia,119.164.45.237,thursday,Android,google
4:56 AM,Indonesia,242.181.166.42,friday,Android,google
5:00 PM,Mexico,140.30.125.251,tuesday,iOS,opera
12:40 PM,Tanzania,5.102.32.58,monday,iOS,google
12:14 PM,Russia,86.60.142.62,monday,Mac,brave
5:29 AM,Indonesia,226.49.72.49,saturday,Mac,edge
6:15 AM,Tanzania,168.127.34.200,wednesday,iOS,opera
3:40 AM,Philippines,70.80.107.117,thursday,Windows,brave
2:06 AM,China,233.95.53.117,sunday,Linux,google
11:33 AM,Philippines,245.207.44.125,tuesday,Linux,edge
9:42 AM,France,8.201.190.244,monday,Linux,google
1:51 PM,Kosovo,70.36.64.35,thursday,Mac,opera
5:17 AM,Cuba,165.95.199.66,sunday,Mac,brave
1:10 PM,Japan,113.114.237.88,tuesday,Android,opera
7:58 AM,Indonesia,183.160.202.139,thursday,Android,opera
5:43 PM,Kosovo,190.3.13.142,sunday,Windows,edge
1:54 AM,Philippines,34.85.116.250,monday,Windows,opera
2:26 PM,China,222.165.190.227,sunday,iOS,google
5:47 PM,China,1.241.49.103,tuesday,Windows,google
10:15 PM,Netherlands,130.235.42.157,wednesday,Linux,opera
5:11 AM,Indonesia,15.199.183.134,wednesday,iOS,brave
9:50 PM,Colombia,231.108.174.144,wednesday,Android,google
6:11 AM,Finland,62.20.116.229,thursday,Android,brave
4:21 PM,Philippines,189.54.184.100,wednesday,Mac,google
11:50 PM,Mexico,100.49.94.157,thursday,Linux,google
3:28 PM,Albania,49.132.84.54,saturday,Windows,google
3:37 PM,Indonesia,129.41.64.82,wednesday,Linux,opera
12:35 PM,Albania,31.119.155.84,friday,Android,edge
1:36 PM,Sweden,9.247.190.96,tuesday,Linux,opera
3:55 PM,Indonesia,162.52.119.137,saturday,Android,opera
12:19 PM,United States,111.218.34.124,wednesday,Windows,opera
9:43 AM,Burkina Faso,75.166.151.90,thursday,iOS,brave
11:46 AM,China,172.149.172.136,tuesday,Mac,edge
6:00 PM,Sweden,56.123.77.12,tuesday,Mac,opera
5:18 AM,North Korea,238.240.146.87,tuesday,Linux,edge
10:41 PM,China,15.51.23.18,thursday,Android,opera
3:03 PM,Ukraine,197.121.151.145,friday,Mac,edge
8:02 PM,Netherlands,222.67.21.59,tuesday,Android,edge
2:38 AM,Russia,197.115.219.225,saturday,Linux,edge
6:38 PM,Uganda,110.248.168.47,friday,iOS,google
8:05 PM,Brazil,72.126.219.173,thursday,Android,brave
7:42 AM,South Africa,176.110.10.249,sunday,Android,opera
9:53 AM,Guatemala,212.234.248.165,sunday,iOS,edge
2:03 AM,Moldova,200.79.14.6,saturday,Windows,brave
7:38 AM,Thailand,247.213.232.199,tuesday,Mac,opera
7:46 AM,Albania,77.91.171.121,thursday,Android,google
10:29 PM,Thailand,197.185.176.114,wednesday,Mac,opera
4:26 AM,Sweden,231.83.172.25,wednesday,Linux,opera
7:07 PM,Japan,114.179.249.252,saturday,Linux,google
1:22 AM,Russia,219.68.78.57,sunday,Mac,opera
7:34 AM,Indonesia,254.125.67.28,friday,iOS,opera
10:00 AM,New Zealand,120.9.134.22,wednesday,Android,brave
11:03 AM,China,174.211.10.218,thursday,Linux,edge
11:44 AM,Indonesia,158.69.70.10,sunday,Windows,opera
5:33 PM,Indonesia,61.93.252.65,monday,Mac,opera
11:05 AM,Portugal,26.181.187.126,saturday,Windows,opera
5:22 PM,China,22.110.61.94,tuesday,Windows,google
7:58 PM,Philippines,97.31.5.220,tuesday,Android,edge
10:55 PM,Sweden,80.139.22.220,monday,Windows,brave
6:43 PM,Bosnia and Herzegovina,221.217.174.211,tuesday,iOS,edge
7:03 PM,Central African Republic,59.20.168.46,friday,Linux,google
3:54 AM,Poland,75.217.215.161,sunday,Windows,opera
8:12 PM,Ukraine,194.164.185.187,tuesday,Linux,opera
9:41 AM,United States,21.146.213.84,sunday,Linux,edge
1:15 PM,United States,108.237.218.223,wednesday,iOS,brave
8:04 AM,Poland,211.93.105.20,saturday,iOS,brave
4:39 AM,Russia,92.101.184.34,monday,iOS,google
4:40 AM,Czech Republic,59.78.161.195,saturday,Android,edge
4:56 PM,Canada,35.211.91.52,monday,iOS,brave
4:13 AM,China,65.129.120.97,saturday,Linux,opera
1:49 AM,Indonesia,101.56.100.71,friday,Windows,brave
11:56 PM,China,168.188.219.62,tuesday,Mac,brave
10:00 PM,Russia,160.120.112.163,thursday,Windows,opera
10:32 PM,China,111.245.127.60,saturday,Linux,brave
1:55 AM,Thailand,64.53.194.104,friday,Linux,edge
8:21 PM,Portugal,61.158.241.137,wednesday,Linux,google
7:18 PM,France,112.73.128.205,monday,iOS,google
5:15 AM,China,58.91.142.30,monday,iOS,google
8:57 AM,France,1.185.245.240,friday,Linux,opera
11:52 AM,Belarus,93.131.21.103,thursday,iOS,brave
12:42 PM,Democratic Republic of the Congo,237.92.50.8,monday,iOS,google
8:27 PM,Indonesia,139.94.235.67,sunday,Mac,brave
8:55 AM,Brazil,50.42.253.47,sunday,iOS,edge
11:24 PM,Sweden,114.244.93.204,friday,Mac,edge
2:30 AM,Guatemala,133.236.209.66,wednesday,Mac,google
5:25 AM,China,82.228.158.156,monday,Linux,google
10:04 AM,Indonesia,35.125.203.96,wednesday,Android,edge
7:22 AM,Mexico,239.3.171.38,monday,iOS,edge
7:47 PM,Colombia,74.44.23.119,thursday,Android,opera
5:20 PM,New Caledonia,212.215.69.161,tuesday,Windows,brave
3:52 PM,Philippines,69.144.181.79,wednesday,Windows,google
12:27 AM,China,97.35.223.168,saturday,iOS,opera
8:13 AM,China,75.95.131.65,tuesday,Android,brave
3:38 PM,Argentina,47.246.209.108,saturday,Linux,edge
9:28 AM,Japan,35.111.76.112,monday,iOS,opera
11:19 AM,Croatia,94.149.161.53,thursday,Mac,brave
8:43 PM,Greece,126.26.190.174,sunday,Mac,brave
6:46 PM,Poland,146.66.52.191,thursday,Android,google
12:48 PM,Philippines,85.207.112.184,wednesday,Android,brave
9:01 AM,Ukraine,52.101.152.101,thursday,iOS,google
2:24 PM,China,150.112.187.133,sunday,Android,google
3:22 PM,Peru,242.87.245.118,thursday,Android,brave
8:02 AM,Japan,21.156.202.147,friday,Mac,edge
3:14 AM,Poland,217.205.83.89,monday,Mac,brave
6:13 AM,Venezuela,205.1.159.152,wednesday,iOS,google
9:36 AM,Ukraine,131.127.192.161,monday,Linux,opera
12:18 AM,Portugal,51.22.25.246,sunday,Mac,google
10:24 AM,Japan,125.243.31.119,wednesday,Android,google
7:57 AM,Brazil,17.88.25.220,monday,Android,brave
11:17 AM,Philippines,109.19.197.255,sunday,iOS,edge
12:46 AM,Indonesia,105.100.94.168,tuesday,Linux,brave
9:54 PM,Thailand,118.20.125.242,sunday,Linux,opera
10:25 PM,China,154.83.22.255,tuesday,Windows,brave
12:54 PM,Russia,167.73.120.205,wednesday,Android,brave
10:27 AM,Indonesia,183.246.63.174,sunday,Android,brave
10:14 AM,Ivory Coast,207.57.229.19,sunday,Linux,brave
6:06 AM,Indonesia,189.13.35.246,sunday,Linux,edge
11:35 AM,China,182.194.29.91,thursday,Mac,brave
2:03 PM,Indonesia,250.64.213.227,tuesday,iOS,brave
1:38 PM,Portugal,127.166.248.182,friday,Linux,google
12:31 AM,China,78.216.152.68,saturday,Android,edge
7:59 AM,China,188.245.42.230,wednesday,Android,opera
4:25 AM,Indonesia,160.129.84.144,monday,Android,google
2:17 AM,Syria,185.185.187.164,tuesday,Windows,opera
7:44 PM,Czech Republic,205.173.175.110,thursday,Windows,edge
1:49 PM,China,73.8.67.242,monday,Mac,google
1:34 AM,France,202.1.190.142,saturday,iOS,google
4:10 PM,Poland,131.23.110.183,tuesday,Linux,google
10:41 PM,China,96.92.229.41,saturday,Android,edge
8:10 AM,Uzbekistan,166.36.229.174,saturday,Windows,edge
8:48 AM,Brazil,242.98.33.104,friday,Android,brave
3:49 AM,Colombia,17.217.175.76,tuesday,Linux,brave
7:00 PM,North Korea,191.125.74.245,friday,Mac,google
9:49 PM,Micronesia,241.249.143.244,tuesday,Mac,opera
10:43 PM,France,124.55.77.198,friday,Android,opera
2:41 AM,Paraguay,98.40.202.84,tuesday,Android,brave
10:19 PM,Indonesia,118.32.105.26,monday,Windows,brave
1:05 AM,Indonesia,254.243.194.174,thursday,Linux,brave
3:10 PM,Azerbaijan,96.252.114.146,thursday,iOS,google
6:55 AM,Czech Republic,56.232.141.233,tuesday,Mac,opera
5:10 AM,Estonia,218.209.197.52,monday,Android,google
1:00 AM,Comoros,15.92.138.180,friday,Android,edge
10:15 AM,Indonesia,153.228.224.56,sunday,Linux,brave
7:14 AM,Poland,73.233.182.171,saturday,Android,brave
4:16 AM,Colombia,231.3.183.254,wednesday,Android,brave
8:58 PM,Russia,230.153.48.210,sunday,Android,google
1:46 PM,Albania,181.162.88.141,saturday,iOS,brave
4:04 PM,Peru,241.32.185.30,monday,Linux,brave
6:28 AM,Nigeria,226.103.44.164,friday,Mac,opera
7:21 AM,China,91.147.70.63,tuesday,Linux,edge
2:00 AM,Argentina,245.113.27.12,wednesday,iOS,brave
7:54 AM,Philippines,225.230.115.55,tuesday,Windows,google
3:35 PM,Philippines,92.98.179.34,wednesday,Windows,opera
5:57 AM,Philippines,120.6.176.3,thursday,Android,edge
2:08 AM,China,71.155.197.205,friday,Android,edge
2:52 AM,Philippines,171.250.168.163,monday,Android,google
6:02 PM,Japan,198.136.165.222,saturday,iOS,brave
3:18 AM,Brazil,38.41.60.96,wednesday,iOS,brave
9:02 AM,Azerbaijan,34.64.34.103,sunday,Android,edge
8:01 AM,Austria,72.56.60.115,sunday,iOS,brave
3:32 PM,Indonesia,130.181.86.188,tuesday,Mac,brave
1:59 PM,Belarus,123.65.236.70,thursday,Windows,brave
11:09 AM,France,2.125.130.135,saturday,Windows,edge
3:29 AM,Paraguay,30.69.16.21,thursday,iOS,edge
7:45 AM,Indonesia,16.69.207.218,saturday,Windows,opera
12:01 AM,Nigeria,66.67.251.41,tuesday,Mac,opera
4:03 AM,Russia,100.186.92.188,sunday,Mac,google
3:05 PM,Indonesia,220.61.118.108,monday,Windows,google
11:50 AM,Philippines,3.138.105.116,tuesday,iOS,brave
